Age,Gender,OwnHome,Married,Location,Salary,Children,History,Catalogs,AmountSpent,Cust_Id
Old,Female,Own,Single,Far,47500,0,High,6,755,247
Middle,Male,Rent,Single,Close,63600,0,High,6,1318,127
Young,Female,Rent,Single,Close,13500,0,Low,18,296,479
Middle,Male,Own,Married,Close,85600,1,High,18,2436,475
Middle,Female,Own,Single,Close,68400,0,High,12,1304,151
Young,Male,Own,Married,Close,30400,0,Low,6,495,320
Middle,Female,Rent,Single,Close,48100,0,Medium,12,782,804
Middle,Male,Own,Single,Close,68400,0,High,18,1155,790
Middle,Female,Own,Married,Close,51900,3,Low,6,158,43
Old,Male,Own,Married,Far,80700,0,NA,18,3034,475
Young,Male,Rent,Married,Close,43700,1,NA,12,927,157
Middle,Male,Own,Married,Far,111800,3,High,18,2065,1239
Middle,Female,Own,Married,Close,44100,1,Medium,24,704,562
Middle,Male,Own,Married,Close,111400,0,High,12,2136,1259
Old,Female,Own,Married,Far,110000,0,High,24,5564,477
Middle,Female,Own,Married,Far,83100,1,NA,12,2766,808
Old,Female,Own,Married,Close,82800,0,High,24,3010,160
Middle,Male,Own,Married,Close,90100,0,High,18,1956,78
Middle,Male,Rent,Single,Close,38600,1,Low,18,542,666
Old,Female,Rent,Single,Far,14000,0,Low,12,410,1250
Young,Female,Rent,Single,Far,14300,2,Low,6,194,1154
Young,Male,Rent,Married,Close,49800,0,Medium,12,827,683
Old,Female,Rent,Married,Far,60200,0,High,18,2328,1221
Young,Male,Rent,Married,Far,43500,1,Medium,12,808,949
Young,Female,Rent,Married,Close,41700,1,NA,6,521,661
Middle,Female,Own,Married,Close,92300,3,Low,18,655,1136
Middle,Male,Own,Single,Close,62800,3,NA,6,707,973
Middle,Female,Rent,Married,Far,72900,0,High,18,2075,1240
Middle,Female,Rent,Married,Close,66900,2,Medium,12,769,1128
Young,Male,Rent,Single,Close,21700,1,NA,18,774,602
Old,Female,Rent,Married,Close,39700,0,Medium,12,573,232
Middle,Male,Rent,Married,Far,72200,1,High,12,2082,1013
Middle,Female,Rent,Married,Close,87700,3,NA,24,2446,266
Middle,Male,Own,Married,Close,104100,0,High,24,2636,921
Middle,Male,Rent,Single,Far,67700,0,High,12,2226,331
Middle,Female,Own,Single,Close,27000,2,Low,6,183,240
Middle,Female,Own,Single,Far,64100,2,High,24,1595,498
Middle,Male,Rent,Single,Close,47000,1,Medium,12,584,745
Old,Female,Own,Married,Close,41600,0,NA,18,982,444
Old,Female,Rent,Single,Close,20100,0,Low,24,576,795
Middle,Male,Own,Single,Close,64000,3,Low,12,410,175
Middle,Female,Own,Married,Far,96800,3,NA,24,3082,718
Middle,Male,Rent,Married,Close,76200,1,NA,24,2437,586
Old,Female,Rent,Married,Far,81500,0,High,18,3655,1010
Middle,Female,Own,Single,Close,49600,1,Medium,12,844,599
Old,Female,Own,Married,Close,111500,0,High,18,2510,527
Middle,Male,Own,Married,Close,77700,0,NA,6,983,1168
Young,Male,Own,Married,Close,58900,0,NA,18,1215,949
Middle,Male,Own,Married,Close,126500,2,High,18,2000,220
Middle,Female,Own,Married,Close,83300,1,High,24,2574,857
Middle,Female,Own,Married,Close,90500,1,High,6,1116,269
Middle,Female,Own,Married,Far,87200,0,High,18,3604,1095
Middle,Female,Own,Married,Close,105300,1,NA,24,3360,230
Middle,Female,Own,Single,Far,56000,3,Medium,6,530,903
Middle,Female,Rent,Single,Close,46600,0,Medium,24,906,60
Old,Male,Rent,Married,Close,69800,0,High,24,2764,1086
Middle,Male,Own,Single,Close,60300,0,High,24,1263,1082
Young,Male,Rent,Married,Close,67800,0,High,12,1084,962
Middle,Male,Rent,Single,Close,42300,0,Medium,24,1051,979
Young,Female,Own,Married,Far,33700,0,NA,6,614,1286
Middle,Male,Own,Single,Close,62700,2,Medium,12,704,391
Young,Female,Own,Single,Close,25900,2,NA,12,449,795
Young,Female,Own,Single,Close,15600,1,Low,6,136,209
Old,Female,Own,Single,Close,14600,0,Low,24,468,228
Old,Female,Own,Married,Close,62600,0,High,6,565,1057
Young,Male,Rent,Married,Close,66700,0,NA,18,1310,555
Middle,Male,Own,Married,Far,72500,0,NA,24,2595,40
Young,Female,Rent,Single,Far,13200,0,NA,24,358,517
Middle,Female,Own,Single,Close,51300,0,Medium,24,1424,874
Middle,Male,Own,Single,Far,72300,0,High,24,4182,689
Young,Female,Rent,Single,Close,15600,0,NA,12,468,590
Middle,Female,Own,Married,Far,90400,1,High,18,2924,253
Middle,Male,Own,Single,Far,71500,0,NA,6,964,255
Young,Male,Rent,Single,Close,14400,0,NA,24,615,419
Young,Male,Rent,Single,Close,15000,3,Low,6,38,593
Middle,Male,Own,Single,Close,57600,1,NA,6,1006,927
Young,Female,Rent,Married,Close,60600,3,Low,12,307,1150
Middle,Male,Own,Married,Far,84300,2,High,18,1648,1012
Young,Female,Own,Single,Close,24400,1,Low,6,220,991
Young,Female,Rent,Single,Close,22100,2,Low,18,280,806
Middle,Male,Rent,Married,Far,48800,2,NA,12,1647,831
Middle,Female,Own,Married,Close,74700,1,Medium,6,704,353
Young,Female,Rent,Single,Far,32400,1,Medium,24,920,1189
Old,Female,Own,Single,Close,11400,0,NA,6,258,833
Middle,Male,Own,Married,Close,127000,0,NA,12,1821,231
Middle,Male,Rent,Single,Close,47200,0,Medium,18,1587,676
Middle,Female,Own,Single,Close,48700,2,Low,12,528,174
Young,Male,Rent,Single,Far,20400,0,Medium,18,867,12
Middle,Male,Rent,Single,Close,39000,0,NA,6,643,1064
Young,Female,Rent,Single,Close,12900,1,Low,6,107,120
Middle,Female,Rent,Married,Far,67300,1,High,18,1513,70
Old,Male,Own,Married,Close,134500,0,High,24,4558,170
Old,Male,Own,Married,Close,75500,0,High,6,741,552
Old,Female,Own,Married,Far,33600,2,Medium,12,805,581
Young,Female,Rent,Single,Close,16300,1,NA,12,470,499
Young,Male,Rent,Married,Close,27400,1,Low,6,278,370
Middle,Female,Own,Married,Close,110400,3,Low,24,1093,885
Young,Female,Rent,Single,Far,21100,1,Low,6,470,250
Middle,Male,Own,Married,Close,81200,0,High,24,1856,642
Middle,Male,Rent,Married,Far,87100,2,High,18,1688,1072
Young,Female,Rent,Single,Far,21700,3,NA,24,708,233
Middle,Female,Rent,Single,Close,42200,0,NA,18,1753,144
Middle,Male,Rent,Single,Far,59000,0,High,24,3044,1157
Middle,Female,Own,Single,Close,52700,2,Low,18,855,529
Young,Male,Own,Single,Close,20900,0,Low,24,550,825
Middle,Male,Own,Married,Far,90700,3,High,24,2265,541
Old,Female,Own,Married,Far,91800,0,NA,24,2452,531
Young,Female,Own,Single,Far,27900,0,Medium,18,1184,71
Old,Female,Own,Married,Close,70700,0,High,24,2150,1014
Middle,Male,Own,Married,Close,79600,2,NA,6,1575,625
Middle,Male,Rent,Married,Close,96400,1,High,24,1822,1158
Middle,Female,Own,Single,Close,46600,2,NA,18,1153,843
Old,Male,Own,Married,Close,106600,0,High,12,1877,1278
Middle,Female,Rent,Married,Close,104900,3,Low,6,450,737
Old,Male,Rent,Single,Close,56300,0,Medium,6,873,74
Young,Female,Rent,Single,Close,14800,1,Low,6,209,51
Old,Male,Own,Married,Close,58300,0,Medium,24,1472,519
Middle,Male,Own,Single,Far,70200,0,High,12,1702,1092
Old,Male,Own,Married,Far,59700,0,High,18,1857,797
Young,Male,Rent,Single,Close,25800,0,NA,6,451,1272
Young,Female,Rent,Single,Close,12000,0,Low,24,344,600
Middle,Male,Rent,Single,Far,51900,0,High,18,1492,1245
Middle,Female,Own,Single,Far,66800,3,NA,24,2098,775
Middle,Male,Own,Married,Close,105300,1,NA,18,3505,684
Young,Female,Rent,Single,Far,13800,3,Low,6,127,879
Young,Male,Rent,Single,Close,14800,3,NA,12,436,338
Middle,Female,Own,Married,Far,44200,0,High,24,2524,554
Young,Male,Rent,Single,Close,10400,0,NA,18,189,347
Middle,Female,Own,Single,Close,35200,0,Medium,12,607,509
Young,Female,Rent,Single,Far,16100,0,NA,6,202,657
Middle,Male,Own,Married,Close,113000,2,Medium,18,1554,211
Middle,Male,Own,Married,Close,63300,2,NA,6,633,1012
Young,Male,Rent,Single,Close,19100,0,NA,6,176,508
Middle,Female,Own,Married,Close,93400,2,NA,24,3079,488
Old,Female,Rent,Married,Far,52500,0,High,24,2038,696
Middle,Female,Rent,Married,Far,45400,3,Medium,24,1203,662
Young,Female,Own,Single,Far,21400,3,NA,6,326,624
Middle,Female,Own,Single,Close,53700,3,Low,12,235,414
Young,Female,Own,Married,Far,68000,0,High,24,3688,404
Young,Male,Rent,Single,Close,17400,0,NA,12,332,1034
Young,Female,Rent,Single,Close,14600,1,Low,6,143,680
Old,Female,Own,Married,Far,100100,0,High,12,3104,122
Middle,Male,Own,Married,Far,103700,1,High,24,2339,1269
Young,Female,Rent,Single,Far,10800,3,Low,6,123,712
Middle,Female,Own,Married,Close,81700,3,Low,24,879,991
Old,Female,Rent,Single,Close,21400,0,Low,18,498,1034
Old,Female,Own,Married,Close,114800,0,High,18,3596,176
Old,Female,Own,Married,Far,67900,0,High,24,2925,1095
Middle,Male,Own,Married,Close,53700,1,NA,12,1081,771
Young,Female,Rent,Single,Far,11400,3,NA,12,312,930
Young,Male,Rent,Married,Close,34300,3,NA,12,1297,1265
Young,Female,Rent,Single,Close,16400,1,Low,12,218,308
Middle,Female,Own,Married,Far,109800,0,High,18,4279,1024
Middle,Male,Own,Single,Close,64200,0,High,18,1642,705
Young,Male,Rent,Single,Close,17000,0,NA,18,581,1230
Middle,Female,Rent,Single,Close,41400,3,Low,6,223,294
Middle,Female,Own,Single,Close,49100,2,Low,6,474,1118
Old,Female,Own,Single,Far,42600,0,High,24,1790,1042
Young,Female,Rent,Single,Close,11900,1,Low,6,143,848
Middle,Male,Own,Married,Far,113600,2,High,18,3237,139
Middle,Male,Own,Single,Close,52900,1,NA,24,2316,89
Young,Female,Rent,Single,Close,14300,1,NA,18,458,648
Young,Male,Rent,Single,Close,21000,0,Low,24,646,1185
Middle,Male,Own,Single,Far,59600,2,Medium,18,1217,484
Middle,Female,Rent,Single,Close,39700,3,Low,12,238,623
Old,Male,Own,Married,Close,51200,0,Medium,12,1293,231
Middle,Female,Own,Married,Close,88200,0,NA,24,2749,89
Middle,Male,Own,Married,Far,122100,0,High,12,2408,869
Old,Female,Rent,Married,Close,84800,0,High,18,2624,15
Middle,Male,Own,Married,Far,140000,0,High,12,4894,865
Old,Female,Own,Single,Close,28500,0,Low,24,621,521
Middle,Male,Rent,Single,Close,60300,0,High,6,701,1101
Young,Female,Rent,Married,Far,51900,0,NA,6,780,897
Middle,Male,Own,Single,Close,60200,0,Medium,12,1365,1052
Middle,Male,Own,Married,Far,81200,0,High,12,2693,778
Old,Male,Own,Married,Close,73100,0,High,6,1582,246
Old,Male,Own,Single,Close,45700,0,Medium,18,724,1035
Old,Female,Rent,Single,Close,28900,0,Low,12,830,1058
Young,Female,Rent,Married,Close,60100,0,NA,18,1594,1116
Middle,Female,Own,Married,Close,84800,1,NA,12,1826,931
Old,Female,Own,Married,Close,35000,0,Medium,6,473,1287
Young,Female,Rent,Married,Close,61700,0,NA,12,1161,220
Old,Female,Rent,Married,Close,46900,0,Medium,6,703,710
Middle,Female,Own,Married,Close,123600,1,NA,12,1892,379
Young,Male,Rent,Married,Close,45800,0,Medium,6,489,520
Middle,Male,Own,Married,Far,77800,1,High,18,1813,325
Middle,Female,Own,Single,Close,48700,1,NA,12,1457,959
Middle,Female,Rent,Single,Far,39000,3,Low,6,292,69
Young,Female,Rent,Married,Close,40000,0,NA,6,613,273
Middle,Female,Rent,Married,Close,118300,1,NA,18,2681,165
Young,Female,Own,Single,Close,27100,2,Low,24,437,472
Middle,Female,Rent,Married,Close,91000,2,Medium,6,708,213
Middle,Female,Own,Married,Close,35300,0,Medium,24,1093,1033
Young,Female,Rent,Single,Far,10200,2,Low,18,213,135
Young,Female,Rent,Single,Close,12500,1,Low,6,202,371
Old,Female,Own,Single,Close,64600,0,NA,6,1298,1205
Middle,Male,Own,Married,Far,113800,0,NA,12,3273,844
Middle,Male,Own,Married,Far,113400,3,High,18,1790,92
Young,Female,Rent,Single,Close,16900,1,Low,6,247,439
Young,Female,Rent,Single,Close,13600,1,Low,6,183,975
Middle,Male,Own,Married,Far,100100,1,High,24,3491,162
Old,Female,Own,Married,Far,80000,0,High,6,1985,1260
Middle,Male,Own,Married,Close,83900,0,High,24,1721,912
Middle,Male,Own,Married,Close,77000,0,High,12,2104,824
Middle,Female,Rent,Married,Close,72900,3,Low,6,252,355
Young,Male,Rent,Married,Close,80700,3,Low,6,202,232
Young,Female,Rent,Married,Close,40900,1,Medium,18,962,439
Young,Female,Rent,Single,Close,26700,1,NA,12,459,636
Middle,Male,Own,Married,Close,54700,0,Medium,18,848,774
Old,Female,Rent,Married,Close,23600,1,Low,6,161,1221
Middle,Male,Rent,Single,Far,56900,0,High,24,1857,146
Middle,Male,Own,Single,Far,68700,1,NA,24,1699,806
Young,Female,Rent,Single,Close,19300,1,Low,24,308,254
Young,Male,Rent,Married,Far,20200,1,Low,24,500,599
Middle,Female,Rent,Married,Far,61500,3,Medium,24,1162,1119
Middle,Female,Own,Married,Far,101700,1,NA,24,2551,822
Middle,Female,Rent,Married,Far,120800,1,High,24,5830,1227
Young,Female,Rent,Single,Far,17300,1,Low,18,381,65
Young,Female,Rent,Married,Close,42300,0,NA,6,856,833
Middle,Male,Rent,Single,Close,53300,0,Medium,18,1720,516
Middle,Female,Rent,Single,Close,42800,0,Medium,12,759,416
Middle,Male,Own,Married,Close,98400,0,High,18,3305,288
Middle,Female,Own,Single,Close,51200,0,Medium,18,1257,1018
Old,Male,Own,Single,Close,62200,0,NA,12,1583,779
Middle,Male,Own,Married,Close,109200,3,Low,24,1102,303
Young,Female,Rent,Single,Close,11400,2,NA,6,186,1054
Young,Female,Rent,Single,Close,14000,0,Low,12,229,246
Old,Female,Rent,Married,Close,97000,0,NA,24,2599,1131
Young,Female,Own,Single,Far,29600,3,NA,12,774,1221
Old,Male,Own,Married,Close,71200,1,Medium,12,638,945
Old,Female,Rent,Single,Far,15000,0,Low,12,378,287
Middle,Male,Rent,Married,Far,64000,1,NA,6,1552,280
Old,Male,Own,Married,Far,33000,0,Medium,12,979,16
Old,Female,Own,Married,Close,74400,0,High,18,2479,704
Young,Male,Rent,Single,Far,20300,2,Low,24,450,787
Middle,Male,Rent,Married,Close,68700,0,High,24,2763,555
Young,Male,Rent,Married,Far,53600,3,Medium,24,1560,205
Old,Female,Own,Single,Close,33200,0,Medium,24,1037,496
Young,Female,Own,Married,Far,70900,0,NA,6,690,170
Young,Female,Rent,Single,Close,23200,3,NA,24,770,1124
Young,Male,Own,Single,Close,41400,0,Medium,18,643,489
Young,Female,Rent,Married,Close,63200,0,High,24,1512,1083
Old,Male,Own,Married,Close,107400,0,High,12,1485,370
Young,Male,Rent,Single,Far,13900,0,NA,24,570,456
Middle,Female,Rent,Married,Close,79900,1,Medium,18,1165,852
Middle,Male,Own,Married,Far,120000,3,High,18,1926,1086
Old,Male,Rent,Married,Far,66300,0,NA,18,2243,571
Middle,Female,Own,Single,Close,54400,3,Low,18,342,695
Middle,Male,Own,Married,Close,84200,0,High,24,1654,502
Young,Female,Rent,Married,Close,13800,0,Low,18,363,479
Young,Female,Rent,Single,Far,14500,1,Low,6,222,537
Young,Male,Rent,Single,Close,21300,0,Low,24,677,977
Old,Male,Rent,Single,Close,29000,0,Low,6,482,854
Old,Female,Rent,Single,Close,14600,1,Low,24,385,957
Old,Male,Own,Single,Close,65300,0,High,18,1443,808
Middle,Female,Own,Married,Close,100800,1,High,24,1789,708
Young,Female,Rent,Single,Far,19800,1,Low,24,991,110
Middle,Male,Own,Single,Close,56700,2,Low,18,536,852
Old,Male,Rent,Married,Close,90200,0,High,18,2183,932
Young,Male,Rent,Single,Close,26100,1,NA,6,494,94
Young,Female,Rent,Single,Close,15900,0,Low,18,503,93
Young,Female,Rent,Single,Close,12700,3,Low,12,87,576
Middle,Male,Rent,Single,Close,43200,0,NA,24,917,328
Middle,Female,Rent,Married,Close,114100,1,NA,24,1976,571
Middle,Male,Own,Married,Close,96100,3,Low,12,316,769
Middle,Male,Own,Married,Close,97200,0,NA,12,1634,1003
Middle,Male,Own,Married,Far,82400,2,High,24,2035,1052
Old,Male,Own,Single,Far,62000,0,High,24,3293,1297
Young,Female,Rent,Single,Close,13400,1,Low,12,143,598
Middle,Male,Own,Married,Close,108200,3,Low,12,635,605
Young,Female,Own,Married,Close,76200,0,High,12,979,872
Middle,Male,Rent,Married,Close,81800,1,High,18,1838,370
Young,Female,Rent,Single,Far,12000,0,Low,6,264,19
Middle,Male,Own,Married,Close,76100,0,NA,6,719,262
Middle,Male,Own,Married,Close,82100,1,High,18,1308,234
Old,Female,Own,Married,Close,103300,0,High,24,3378,353
Young,Male,Rent,Single,Close,14200,1,NA,24,400,374
Middle,Female,Own,Single,Far,47500,0,High,6,847,958
Young,Female,Rent,Single,Close,31300,1,Low,6,357,1149
Young,Female,Rent,Married,Far,32700,1,NA,18,1276,633
Middle,Male,Own,Married,Close,72200,0,High,24,2492,477
Middle,Female,Own,Married,Close,107600,2,Medium,12,1512,607
Middle,Male,Own,Married,Close,109900,2,Medium,12,870,1170
Middle,Female,Own,Married,Close,65400,2,Medium,24,938,579
Old,Female,Own,Single,Close,43300,0,NA,12,1584,55
Old,Female,Own,Single,Close,51900,0,Medium,12,1148,154
Middle,Female,Own,Married,Far,80600,0,High,24,2840,569
Middle,Female,Rent,Single,Close,42700,0,Medium,12,827,452
Young,Male,Rent,Single,Far,19000,0,NA,12,428,1033
Young,Female,Rent,Single,Close,14500,1,Low,6,183,139
Middle,Female,Own,Married,Close,68200,1,NA,6,818,619
Young,Male,Rent,Married,Close,36700,0,Medium,12,731,1053
Old,Male,Own,Married,Far,54600,0,High,24,2163,103
Middle,Male,Own,Married,Close,65900,1,Medium,12,1081,1168
Young,Male,Own,Single,Far,39600,0,NA,12,1085,1138
Young,Male,Rent,Married,Far,67300,3,NA,6,1212,540
Middle,Male,Own,Single,Close,59700,1,NA,18,1422,546
Middle,Female,Own,Married,Far,102800,2,High,18,2238,200
Middle,Female,Rent,Single,Close,34700,0,NA,18,1615,448
Middle,Male,Own,Single,Close,50600,3,NA,6,713,823
Middle,Male,Rent,Married,Close,106700,2,Medium,6,607,273
Middle,Male,Rent,Single,Close,53900,1,Medium,6,735,1096
Young,Female,Rent,Married,Close,25500,2,Low,6,139,480
Young,Male,Rent,Married,Far,46300,1,Medium,18,1357,501
Old,Male,Own,Married,Close,55500,0,Medium,18,858,42
Young,Female,Own,Single,Close,27800,3,NA,12,408,76
Middle,Male,Own,Married,Close,118600,1,NA,12,1553,1069
Middle,Female,Own,Married,Close,130700,3,NA,6,2070,94
Old,Male,Rent,Single,Close,42800,0,Medium,12,922,110
Middle,Female,Own,Married,Far,118300,1,High,12,2502,393
Young,Female,Rent,Single,Far,25600,2,NA,18,426,855
Middle,Male,Rent,Married,Close,63500,2,NA,24,2321,75
Old,Female,Own,Single,Close,30900,0,Medium,18,862,1106
Middle,Male,Own,Single,Close,55900,1,NA,24,2555,231
Middle,Male,Own,Single,Far,53900,0,NA,12,1186,301
Old,Male,Own,Married,Close,84300,0,High,24,2842,815
Old,Male,Own,Single,Close,53400,1,Medium,12,886,549
Middle,Male,Own,Married,Close,96900,1,High,12,1420,1240
Middle,Male,Rent,Single,Far,55800,1,NA,6,821,255
Young,Female,Rent,Married,Close,25900,1,Low,6,242,591
Young,Female,Rent,Single,Close,22000,1,Low,12,472,400
Middle,Female,Rent,Married,Close,96700,2,Medium,12,1231,276
Middle,Female,Rent,Single,Close,40200,1,NA,12,881,1057
Old,Male,Own,Married,Close,26800,0,Low,12,435,454
Young,Female,Rent,Single,Close,16700,2,Low,12,108,759
Young,Female,Rent,Married,Close,40900,2,Low,18,576,991
Young,Male,Rent,Married,Far,41500,3,NA,24,1314,1047
Young,Male,Rent,Single,Close,20900,0,NA,6,296,459
Young,Female,Rent,Married,Close,69700,2,Medium,6,584,1190
Middle,Male,Rent,Single,Close,61800,0,High,24,1156,1096
Middle,Male,Own,Married,Close,102500,1,High,24,2464,250
Middle,Female,Own,Married,Close,48900,3,NA,18,915,1199
Middle,Male,Own,Single,Close,60300,0,NA,24,2091,896
Young,Male,Rent,Married,Far,41600,0,High,24,1690,801
Middle,Male,Own,Single,Close,73700,1,Medium,12,1274,357
Young,Female,Rent,Single,Close,27000,1,NA,24,1012,898
Middle,Female,Rent,Single,Close,43700,0,Medium,12,950,990
Young,Male,Rent,Single,Close,10200,2,NA,12,333,151
Middle,Female,Own,Married,Close,63300,2,Medium,24,679,518
Young,Female,Own,Single,Far,33200,2,Medium,12,607,392
Old,Female,Own,Married,Far,78800,0,High,18,3398,376
Middle,Male,Own,Married,Close,82500,0,High,6,859,588
Middle,Male,Own,Single,Far,80800,2,High,18,2444,643
Middle,Male,Own,Married,Close,88100,2,Medium,24,1078,452
Middle,Male,Rent,Married,Far,124800,3,High,18,2537,1077
Young,Male,Own,Single,Close,31900,0,Medium,6,616,1093
Middle,Female,Own,Single,Close,53300,3,NA,6,508,863
Old,Male,Own,Married,Far,15400,0,Low,6,297,1290
Middle,Male,Own,Married,Close,70200,0,NA,6,1583,579
Young,Female,Rent,Single,Close,23000,3,Low,6,79,810
Middle,Female,Own,Married,Close,82400,2,Medium,18,657,600
Middle,Female,Own,Married,Close,97900,0,High,24,2149,1275
Old,Female,Rent,Married,Far,88400,0,High,18,3632,1162
Middle,Female,Own,Married,Close,86900,0,High,18,2230,315
Middle,Female,Own,Single,Close,45100,1,Medium,12,448,1096
Middle,Male,Rent,Single,Close,41800,3,Low,24,301,392
Old,Male,Own,Married,Close,74800,0,High,18,1968,1073
Middle,Female,Rent,Married,Close,73000,1,Medium,6,490,16
Middle,Male,Own,Married,Close,118500,1,High,24,3063,829
Middle,Male,Own,Single,Close,65300,3,Low,6,193,1176
Middle,Female,Rent,Married,Close,66300,2,Medium,12,544,134
Middle,Male,Own,Married,Far,103900,1,High,24,2666,175
Middle,Female,Own,Married,Close,71900,0,High,18,1846,1271
Middle,Male,Own,Married,Far,86100,1,NA,12,1255,137
Middle,Male,Own,Married,Close,96300,1,High,12,1081,38
Young,Female,Rent,Single,Close,10200,3,NA,6,199,366
Middle,Male,Own,Married,Close,96300,2,NA,18,3916,1148
Old,Female,Own,Single,Far,24000,1,Low,6,357,309
Middle,Female,Rent,Married,Close,46700,0,Medium,24,983,147
Middle,Female,Rent,Single,Close,53700,2,NA,12,1194,844
Middle,Male,Rent,Married,Close,108300,2,NA,12,2224,1052
Young,Female,Rent,Single,Close,12100,1,Low,6,90,287
Young,Male,Rent,Married,Close,36600,0,NA,6,587,743
Old,Male,Own,Married,Close,66300,0,High,12,1088,601
Young,Female,Own,Single,Close,33400,1,NA,6,617,370
Middle,Male,Own,Married,Far,70000,1,NA,6,1227,1193
Middle,Female,Own,Single,Close,47900,1,Medium,24,662,579
Middle,Female,Rent,Married,Close,40500,2,Low,18,622,731
Old,Male,Own,Single,Close,69100,0,High,12,1477,1236
Young,Female,Rent,Single,Close,13300,1,NA,6,236,453
Middle,Female,Rent,Married,Far,75800,1,High,12,1830,346
Middle,Female,Rent,Married,Close,48600,0,Medium,24,1583,279
Old,Female,Own,Single,Close,39600,0,Medium,12,610,86
Young,Female,Rent,Single,Close,11700,0,Low,12,193,374
Young,Male,Rent,Married,Close,52600,1,Medium,12,1052,315
Young,Male,Rent,Single,Close,14600,3,NA,6,307,205
Old,Male,Own,Married,Close,123000,0,High,24,3671,584
Old,Female,Rent,Married,Far,64600,0,High,18,2206,820
Middle,Female,Own,Single,Far,34600,2,Medium,18,748,188
Middle,Male,Own,Married,Close,74500,0,High,6,1481,1132
Old,Male,Own,Married,Close,56600,0,NA,24,1607,489
Old,Female,Rent,Single,Close,37000,1,NA,6,632,920
Young,Female,Rent,Single,Far,18400,1,Low,6,303,1297
Young,Male,Rent,Single,Close,25000,0,Low,6,264,1107
Middle,Male,Own,Married,Far,61400,1,High,24,1575,618
Middle,Male,Own,Married,Close,76400,2,Medium,18,881,270
Young,Male,Own,Married,Close,55100,0,Medium,18,1439,1027
Old,Female,Own,Married,Far,22800,0,NA,12,452,583
Old,Female,Own,Married,Close,10100,1,Low,6,93,642
Young,Male,Rent,Single,Close,17800,0,Low,18,292,1043
Middle,Female,Own,Married,Close,59100,1,NA,6,1426,821
Young,Female,Rent,Single,Far,19700,2,Low,6,330,401
Middle,Male,Own,Married,Far,73800,0,High,24,3120,979
Middle,Male,Own,Married,Far,113300,1,High,18,5151,207
Middle,Male,Own,Married,Far,118400,2,NA,12,3941,728
Middle,Male,Own,Married,Close,92300,1,NA,24,2141,128
Young,Male,Rent,Single,Close,11200,0,NA,6,106,1001
Young,Female,Rent,Married,Far,30100,0,Medium,12,530,321
Middle,Female,Own,Single,Close,43500,1,Medium,12,500,679
Middle,Male,Own,Married,Close,97500,0,High,18,2837,1061
Old,Male,Own,Married,Close,54600,0,Medium,24,1246,983
Middle,Male,Rent,Single,Far,42500,1,NA,6,798,423
Middle,Male,Own,Single,Close,82800,0,NA,6,1544,199
Old,Male,Own,Married,Far,62300,0,High,24,2644,1000
Young,Male,Rent,Single,Far,21900,2,NA,6,192,727
Middle,Female,Rent,Single,Far,35600,3,Low,18,865,880
Middle,Male,Own,Married,Close,96900,0,High,6,1159,694
Young,Female,Rent,Married,Close,36900,1,NA,18,1480,175
Middle,Female,Rent,Married,Close,93500,1,High,18,1426,1212
Middle,Male,Own,Married,Close,97300,1,NA,12,3048,808
Young,Male,Rent,Single,Close,21900,0,Low,12,276,671
Middle,Male,Rent,Single,Close,63000,0,High,24,1910,1056
Young,Female,Rent,Single,Close,11500,3,NA,6,157,733
Middle,Male,Own,Single,Close,44600,2,Low,6,236,211
Young,Female,Rent,Single,Close,21900,1,NA,12,576,316
Middle,Male,Rent,Single,Far,45100,1,Medium,12,794,603
Old,Female,Own,Married,Close,74900,0,High,12,1474,827
Young,Male,Rent,Single,Close,14200,0,Low,6,250,620
Young,Female,Rent,Single,Far,23200,2,NA,24,788,1204
Old,Male,Own,Married,Close,73300,0,NA,12,1694,341
Old,Male,Own,Married,Far,41300,0,High,24,1985,1121
Old,Female,Own,Single,Far,32700,0,Medium,24,1252,1134
Old,Female,Own,Single,Close,35200,0,NA,12,827,971
Young,Female,Rent,Single,Close,13100,0,NA,18,314,1146
Middle,Male,Own,Married,Close,97400,1,High,6,880,471
Young,Female,Rent,Single,Far,23100,2,Low,6,466,522
Middle,Male,Own,Single,Close,49200,3,Low,12,210,482
Middle,Male,Own,Single,Far,45000,1,NA,18,902,740
Middle,Male,Own,Married,Close,87200,0,High,18,1274,130
Middle,Male,Own,Single,Close,49900,1,NA,24,1631,683
Middle,Male,Own,Married,Close,66900,0,High,12,1220,399
Middle,Female,Own,Single,Close,47600,1,Medium,12,801,173
Middle,Female,Own,Single,Close,47900,0,NA,12,1090,317
Middle,Male,Own,Single,Close,59400,0,Medium,18,1699,71
Middle,Female,Rent,Single,Close,32700,2,Low,6,273,841
Middle,Male,Rent,Single,Close,34200,1,Low,18,523,174
Middle,Male,Own,Married,Close,96600,0,NA,12,1437,21
Middle,Female,Own,Married,Close,126300,1,High,6,1888,570
Young,Male,Rent,Single,Close,31600,1,NA,12,476,861
Middle,Female,Own,Married,Far,108100,3,High,18,2632,29
Middle,Female,Rent,Single,Close,43300,3,Low,24,326,424
Old,Female,Rent,Single,Far,17900,0,Low,6,446,638
Middle,Male,Own,Single,Far,50100,1,High,18,1071,312
Old,Female,Own,Married,Close,74700,0,High,12,1699,763
Old,Male,Rent,Married,Close,60000,0,Medium,6,966,807
Young,Male,Own,Single,Close,33400,0,NA,12,567,311
Middle,Female,Rent,Married,Close,68800,0,NA,6,1658,470
Middle,Female,Rent,Single,Close,25700,2,Low,6,173,131
Middle,Male,Own,Married,Close,83700,0,High,24,3344,481
Middle,Male,Rent,Single,Close,50500,0,Medium,12,1029,396
Young,Female,Rent,Single,Close,17300,0,Low,12,345,1080
Middle,Male,Own,Single,Close,45800,0,NA,6,712,240
Old,Male,Own,Married,Close,108900,0,High,12,1841,331
Middle,Female,Rent,Married,Close,60500,2,Low,6,409,45
Old,Female,Own,Married,Far,84100,0,High,18,2710,1216
Young,Male,Rent,Married,Far,25100,0,Medium,12,592,735
Middle,Male,Own,Married,Close,69900,1,NA,18,2101,77
Middle,Male,Own,Married,Close,97100,0,NA,12,1473,1206
Middle,Female,Own,Married,Close,72200,2,Medium,18,715,903
Old,Female,Own,Married,Far,78900,0,High,18,2233,612
Middle,Female,Own,Single,Far,62500,3,NA,6,921,657
Young,Female,Rent,Single,Close,17800,1,Low,6,216,1199
Middle,Female,Own,Married,Close,105500,1,High,6,1781,1096
Middle,Female,Own,Single,Close,46100,2,Low,12,418,419
Young,Male,Rent,Single,Close,27100,1,Low,12,268,547
Young,Male,Rent,Married,Far,60300,1,NA,6,1252,1281
Young,Female,Rent,Single,Close,12000,0,Low,6,140,833
Middle,Female,Own,Single,Close,48400,0,Medium,12,992,738
Middle,Male,Rent,Single,Close,45600,0,Medium,18,1388,944
Middle,Female,Own,Single,Close,35200,2,Low,6,233,837
Middle,Male,Rent,Single,Far,60200,0,High,24,2304,818
Middle,Female,Rent,Married,Far,53900,1,High,18,2177,160
Middle,Male,Own,Married,Close,70400,2,NA,12,1127,924
Young,Male,Rent,Married,Close,36900,0,Medium,18,721,828
Old,Female,Own,Single,Close,36100,0,Medium,12,438,181
Young,Female,Rent,Single,Close,11000,2,NA,18,393,22
Middle,Male,Own,Single,Close,61600,0,NA,18,1666,510
Middle,Male,Own,Married,Close,88700,1,NA,18,2448,755
Middle,Female,Own,Married,Far,88600,1,High,18,2563,1243
Middle,Male,Rent,Married,Close,79500,0,High,18,1763,219
Young,Female,Rent,Single,Close,18900,1,Low,6,184,882
Old,Female,Own,Single,Close,17300,0,Low,6,166,659
Middle,Female,Rent,Married,Close,81400,2,NA,6,1014,835
Young,Male,Rent,Married,Close,36500,0,Medium,24,1140,796
Middle,Female,Own,Single,Close,43300,1,NA,18,1021,327
Middle,Male,Own,Married,Close,76700,1,Medium,24,1431,605
Middle,Male,Own,Married,Far,123000,1,High,24,5878,72
Middle,Male,Own,Single,Close,56300,3,Low,6,321,1233
Middle,Male,Own,Married,Close,70000,0,High,24,1974,742
Middle,Male,Own,Single,Close,48100,0,Medium,18,1640,652
Young,Female,Rent,Married,Close,79400,0,NA,6,1175,264
Middle,Female,Own,Married,Close,63700,3,Low,12,364,1089
Young,Male,Rent,Single,Close,21200,0,NA,12,417,352
Middle,Male,Rent,Single,Close,53900,0,Medium,12,1060,832
Old,Female,Own,Married,Close,118800,0,High,18,2176,1276
Middle,Female,Own,Married,Close,79400,3,Low,6,200,491
Old,Female,Rent,Single,Far,20400,0,NA,24,513,430
Middle,Male,Rent,Single,Close,52400,0,NA,18,857,1010
Old,Female,Own,Single,Close,17600,0,Low,6,224,535
Young,Male,Rent,Single,Close,23500,0,Low,12,371,90
Young,Male,Rent,Married,Close,56900,2,Low,12,687,220
Middle,Male,Own,Married,Close,95100,2,Medium,12,809,753
Middle,Male,Own,Married,Close,119800,2,Medium,24,2090,104
Old,Male,Own,Single,Close,58700,0,NA,24,1479,989
Middle,Female,Own,Married,Close,76700,2,Medium,6,534,62
Middle,Male,Own,Married,Close,67600,1,Medium,18,1172,879
Middle,Male,Own,Single,Close,61500,2,Medium,24,968,454
Old,Female,Own,Married,Close,72900,0,High,6,753,384
Old,Female,Rent,Single,Close,21200,0,Low,6,242,838
Old,Male,Rent,Single,Close,32400,1,Low,12,515,91
Middle,Female,Own,Married,Close,62200,3,NA,24,2119,158
Old,Female,Own,Single,Close,24400,0,Low,6,491,26
Middle,Male,Own,Married,Close,66500,3,Low,12,286,240
Old,Female,Rent,Married,Far,72200,0,High,24,3069,1198
Young,Female,Rent,Single,Close,16900,2,NA,6,281,73
Young,Male,Rent,Married,Close,56300,0,NA,24,1608,231
Old,Female,Own,Single,Far,22000,0,Medium,12,736,591
Young,Female,Rent,Single,Close,18800,2,Low,18,170,777
Young,Female,Rent,Single,Close,26600,2,Low,24,245,515
Middle,Female,Rent,Married,Close,72100,0,High,24,3052,434
Middle,Male,Own,Single,Far,55600,0,High,18,1786,1049
Young,Female,Rent,Single,Close,14600,3,Low,6,47,1026
Old,Male,Own,Married,Close,45900,0,Medium,24,1645,1254
Young,Female,Own,Single,Close,15100,0,Low,6,274,1107
Middle,Male,Own,Married,Close,140700,3,Medium,12,1001,1197
Middle,Male,Own,Married,Close,90300,0,High,24,1944,126
Old,Male,Own,Married,Close,95900,0,High,24,2585,1235
Young,Male,Rent,Single,Far,20800,0,NA,6,260,655
Middle,Male,Own,Married,Close,98400,0,High,12,1414,872
Young,Female,Rent,Single,Close,15000,2,NA,12,341,828
Young,Male,Rent,Single,Close,17700,1,Low,12,268,286
Middle,Male,Own,Married,Close,102400,1,High,18,1237,279
Young,Male,Rent,Single,Far,17800,1,NA,18,589,1032
Young,Male,Rent,Single,Far,13800,1,Low,12,368,410
Middle,Female,Rent,Single,Close,50500,1,Medium,12,940,811
Middle,Female,Rent,Single,Close,42000,3,Low,18,232,1094
Middle,Male,Own,Married,Close,95800,3,Low,12,678,415
Young,Male,Rent,Single,Close,15200,0,NA,12,324,587
Young,Male,Rent,Single,Close,15800,2,Low,12,147,96
Old,Male,Own,Single,Close,51400,0,NA,6,694,206
Old,Female,Rent,Married,Close,38200,0,Medium,6,526,236
Middle,Female,Rent,Single,Close,39900,1,Low,12,586,108
Young,Female,Own,Single,Close,21600,2,NA,12,491,41
Old,Female,Own,Married,Close,65900,0,High,24,1436,834
Middle,Female,Own,Married,Close,97500,1,High,12,1280,465
Middle,Male,Rent,Married,Far,63000,0,High,18,2107,1164
Young,Female,Own,Single,Far,31900,0,NA,12,860,815
Middle,Female,Rent,Single,Far,45500,1,NA,18,1624,762
Old,Female,Own,Single,Close,12800,0,NA,12,230,486
Old,Female,Own,Married,Far,12600,2,Low,12,164,438
Middle,Male,Rent,Single,Close,50700,3,Low,6,157,1012
Young,Female,Rent,Single,Close,17900,3,Low,6,62,863
Young,Female,Rent,Single,Close,14400,1,Low,18,223,620
Old,Female,Own,Single,Close,23800,0,Low,6,438,1125
Middle,Male,Own,Married,Close,84700,3,NA,24,2705,670
Middle,Female,Rent,Single,Close,36900,1,Low,6,371,1012
Old,Female,Own,Single,Close,20600,0,Low,6,201,1125
Young,Male,Rent,Married,Close,41500,0,NA,24,1213,806
Middle,Male,Own,Married,Close,83100,2,Medium,6,586,597
Middle,Male,Own,Married,Far,88700,2,High,24,2693,171
Old,Female,Own,Married,Close,54700,0,Medium,24,1404,597
Middle,Male,Own,Single,Close,68900,2,NA,18,2784,468
Young,Female,Rent,Single,Close,22200,2,Low,18,275,681
Middle,Female,Own,Married,Close,70900,1,Medium,12,794,733
Middle,Male,Own,Single,Close,55900,0,Medium,12,964,949
Middle,Female,Own,Married,Close,80800,1,NA,18,1598,938
Middle,Male,Own,Married,Far,100600,3,High,24,2838,797
Old,Female,Own,Single,Close,39900,0,NA,6,619,1211
Young,Female,Rent,Married,Close,71200,3,Low,12,392,937
Old,Female,Own,Married,Close,61000,0,NA,18,1850,619
Old,Male,Own,Single,Close,38700,0,NA,24,1506,150
Middle,Male,Own,Married,Far,98900,0,NA,18,3126,114
Middle,Male,Own,Single,Close,64300,0,NA,6,1325,470
Middle,Female,Own,Married,Close,75600,0,NA,12,1541,197
Young,Female,Rent,Married,Far,53700,0,High,24,2491,446
Middle,Male,Own,Single,Close,66600,0,High,18,1177,397
Old,Female,Own,Married,Close,89000,0,High,12,1487,530
Young,Female,Rent,Single,Far,18200,2,Low,12,322,306
Young,Female,Rent,Married,Close,73600,1,Medium,6,647,792
Middle,Female,Rent,Single,Far,45600,0,High,12,1322,842
Young,Male,Own,Married,Close,73000,0,NA,6,1534,648
Young,Male,Own,Single,Close,29600,3,NA,12,583,525
Middle,Male,Rent,Married,Close,92900,1,NA,6,1705,613
Old,Female,Rent,Single,Far,13900,0,Low,6,191,598
Young,Male,Rent,Married,Close,64300,3,Low,6,239,558
Middle,Male,Own,Married,Close,77100,2,Medium,6,568,221
Young,Female,Own,Single,Close,27500,3,NA,12,571,916
Old,Male,Rent,Married,Close,81800,0,High,6,919,106
Old,Female,Rent,Married,Close,41700,0,Medium,18,1398,257
Old,Female,Own,Married,Close,51000,0,Medium,12,1025,433
Middle,Male,Rent,Single,Close,55900,1,Medium,12,909,175
Young,Male,Rent,Single,Close,19800,2,Low,12,209,559
Young,Male,Rent,Single,Close,17600,0,NA,6,245,1186
Middle,Male,Rent,Married,Far,84100,1,High,24,2362,452
Middle,Male,Own,Married,Close,85600,0,High,24,3380,184
Young,Male,Rent,Single,Close,13400,0,Low,18,424,703
Young,Female,Rent,Married,Far,47200,1,Medium,12,1272,159
Middle,Male,Own,Married,Close,96300,1,High,24,1909,275
Middle,Male,Own,Married,Close,60500,3,Low,12,340,634
Middle,Female,Own,Single,Close,35800,1,NA,24,1355,1227
Middle,Male,Rent,Married,Close,106100,3,Low,12,472,49
Young,Male,Rent,Single,Close,18000,0,Low,12,303,1029
Middle,Male,Rent,Single,Far,50000,1,NA,6,1079,911
Old,Female,Own,Single,Close,58200,0,Medium,18,981,783
Young,Female,Rent,Single,Far,13500,2,Low,12,160,150
Middle,Female,Own,Married,Close,59900,1,NA,6,613,1141
Young,Female,Rent,Single,Far,18400,1,Low,12,662,712
Middle,Male,Rent,Married,Close,62800,3,Low,6,177,635
Middle,Male,Rent,Single,Close,70000,0,High,6,785,1143
Young,Female,Rent,Single,Far,13600,1,NA,18,349,60
Middle,Female,Rent,Married,Close,97400,3,Low,6,213,251
Old,Female,Own,Married,Far,37500,0,Medium,18,1578,478
Old,Female,Own,Single,Close,22800,0,Low,6,258,1175
Young,Female,Rent,Single,Close,14200,0,NA,6,192,133
Young,Male,Rent,Single,Close,18700,0,Low,12,289,905
Middle,Male,Own,Married,Close,107400,1,High,24,1821,1050
Young,Female,Rent,Single,Far,28900,0,Medium,24,905,1185
Middle,Male,Rent,Married,Close,38400,2,Low,6,188,150
Middle,Male,Rent,Single,Close,54200,0,NA,18,1405,905
Old,Male,Own,Married,Close,102700,0,NA,18,2381,1195
Young,Female,Rent,Single,Close,13300,1,Low,6,184,578
Middle,Male,Own,Single,Close,60200,3,NA,12,1364,550
Young,Male,Rent,Single,Close,21400,0,NA,12,414,89
Young,Female,Rent,Single,Close,21700,2,NA,6,387,18
Young,Male,Rent,Single,Close,23200,1,Low,24,504,636
Middle,Male,Own,Married,Close,64800,2,Medium,12,574,637
Middle,Male,Rent,Single,Close,55600,0,Medium,6,984,255
Middle,Male,Own,Married,Far,89500,0,High,24,5209,981
Young,Female,Rent,Single,Far,12500,1,NA,12,422,695
Middle,Male,Own,Married,Close,87000,0,High,24,1594,938
Middle,Female,Rent,Single,Far,31200,3,NA,24,1087,752
Young,Female,Rent,Single,Close,13700,1,NA,6,163,385
Middle,Male,Own,Single,Close,55500,3,Low,18,427,641
Middle,Female,Rent,Single,Close,58600,1,Medium,6,624,14
Young,Female,Own,Married,Far,55900,1,NA,6,788,98
Young,Female,Rent,Single,Far,13700,2,NA,24,414,53
Old,Female,Own,Married,Far,81400,0,High,24,3001,538
Old,Female,Own,Married,Close,90500,0,High,6,863,735
Middle,Female,Own,Married,Close,82200,1,NA,12,1517,596
Middle,Male,Own,Married,Far,65400,3,NA,6,836,820
Middle,Male,Own,Single,Close,74400,0,High,12,1152,282
Young,Male,Rent,Married,Far,63300,3,NA,6,1408,886
Young,Male,Rent,Married,Far,51600,0,NA,12,1082,311
Young,Male,Rent,Married,Far,55000,0,NA,12,1162,324
Middle,Female,Own,Single,Close,43900,2,Low,6,358,862
Young,Female,Own,Single,Close,20300,1,Low,12,304,1290
Young,Female,Own,Single,Far,16300,0,NA,12,360,1143
Middle,Male,Own,Married,Close,97600,2,Medium,12,1162,1193
Old,Female,Rent,Single,Far,15100,0,Low,6,348,726
Young,Female,Rent,Single,Close,12500,3,NA,12,206,755
Young,Female,Rent,Single,Close,10600,2,Low,12,114,468
Middle,Female,Own,Single,Close,41300,1,NA,18,932,56
Young,Female,Own,Single,Close,27200,2,Low,18,446,1077
Middle,Male,Own,Married,Close,102400,1,NA,12,2466,411
Young,Female,Own,Single,Far,27900,1,NA,12,576,793
Old,Male,Rent,Married,Far,23800,0,NA,12,428,558
Middle,Male,Own,Married,Close,100000,1,High,24,2247,1190
Middle,Female,Rent,Married,Far,43300,3,Medium,24,716,935
Middle,Male,Own,Married,Close,65800,1,NA,12,1017,292
Middle,Female,Own,Married,Close,49700,2,Low,18,613,17
Middle,Female,Rent,Married,Close,82300,2,Medium,12,580,1035
Middle,Male,Rent,Single,Close,41200,0,Medium,12,841,443
Young,Male,Rent,Single,Close,29200,0,Low,18,737,621
Middle,Female,Own,Single,Close,51900,2,NA,12,1162,1063
Middle,Female,Own,Married,Close,85500,2,Medium,18,895,605
Young,Female,Rent,Single,Far,12400,3,Low,18,205,463
Middle,Female,Own,Married,Close,111900,1,NA,12,2340,872
Middle,Female,Rent,Single,Close,40400,1,Low,24,630,243
Young,Male,Rent,Single,Far,10900,0,Low,24,407,98
Middle,Male,Own,Married,Close,82400,3,NA,18,2122,758
Young,Female,Rent,Single,Close,13200,1,Low,12,227,882
Middle,Male,Rent,Single,Close,57800,0,Medium,24,1149,907
Old,Female,Own,Married,Close,52200,1,Medium,12,669,39
Middle,Male,Rent,Married,Far,64600,2,NA,24,2935,1288
Middle,Female,Own,Single,Close,43100,0,NA,24,1444,443
Old,Female,Own,Married,Far,40100,0,Medium,12,1384,561
Old,Male,Own,Married,Close,84500,0,NA,12,1557,1108
Old,Male,Rent,Married,Close,34500,0,Medium,12,802,886
Young,Female,Rent,Married,Close,61000,1,NA,18,1611,1220
Old,Female,Own,Married,Far,79300,0,NA,12,2047,759
Middle,Male,Rent,Single,Close,44500,0,Medium,24,1175,700
Young,Male,Rent,Married,Close,39700,0,Medium,18,1011,426
Old,Female,Own,Single,Close,30300,0,Low,18,1062,254
Young,Female,Rent,Single,Close,20100,1,Low,12,271,1095
Old,Male,Own,Married,Far,86500,0,High,24,2690,809
Old,Female,Rent,Single,Close,42500,0,Medium,24,918,1139
Middle,Male,Own,Married,Close,102300,0,High,24,2438,603
Middle,Female,Own,Single,Far,52600,2,Medium,12,1307,1114
Middle,Female,Rent,Single,Far,37800,2,NA,12,1185,202
Young,Female,Rent,Single,Close,20300,2,Low,12,180,718
Middle,Male,Own,Married,Close,71600,1,NA,12,1198,1211
Young,Male,Rent,Married,Close,54500,1,Medium,18,1001,428
Middle,Male,Rent,Single,Close,54700,0,Medium,24,1355,153
Middle,Male,Rent,Single,Far,58600,2,NA,6,989,794
Middle,Male,Rent,Single,Far,53800,0,High,12,1803,952
Middle,Female,Own,Married,Close,131500,3,NA,6,2840,653
Middle,Male,Rent,Single,Far,52200,0,High,24,1909,953
Young,Male,Rent,Married,Close,37200,1,Low,6,247,991
Young,Male,Rent,Single,Far,22900,1,NA,12,814,640
Young,Male,Rent,Married,Close,55500,3,Low,12,216,702
Young,Female,Rent,Single,Far,12800,1,NA,24,365,888
Young,Female,Rent,Single,Close,17600,2,Low,18,163,177
Old,Female,Own,Single,Far,28300,0,Medium,24,933,325
Old,Male,Own,Single,Close,41900,0,Medium,6,654,180
Young,Female,Rent,Single,Close,14100,3,NA,6,153,96
Middle,Male,Rent,Single,Close,52100,0,NA,12,1668,225
Middle,Male,Rent,Single,Far,38700,1,Medium,18,1009,948
Middle,Female,Rent,Single,Far,44100,1,Medium,18,1659,115
Middle,Male,Own,Married,Far,79200,1,High,6,1905,108
Young,Female,Rent,Single,Close,22600,3,NA,6,521,1224
Middle,Male,Rent,Single,Close,55100,2,NA,6,826,457
Old,Female,Own,Married,Far,70400,0,High,18,2610,1241
Middle,Male,Own,Married,Close,107300,2,Medium,24,1194,131
Middle,Female,Rent,Married,Close,66500,1,NA,24,1181,464
Young,Male,Rent,Single,Close,10200,0,NA,24,362,808
Young,Female,Own,Single,Far,41000,1,Medium,12,768,49
Middle,Female,Rent,Single,Close,26200,1,Low,12,381,105
Middle,Male,Rent,Married,Far,72200,3,Medium,18,1811,1016
Middle,Male,Rent,Single,Far,36700,1,Medium,24,1218,286
Old,Male,Own,Married,Far,74500,0,NA,18,1413,684
Middle,Female,Own,Single,Close,60200,1,NA,12,1748,351
Old,Male,Rent,Single,Close,34500,0,Medium,24,639,971
Old,Female,Own,Married,Close,83700,0,High,18,1582,1179
Young,Male,Rent,Single,Far,14800,1,NA,12,376,722
Middle,Male,Own,Married,Close,106400,0,NA,12,1757,815
Young,Female,Rent,Married,Close,42000,3,Low,6,105,1268
Middle,Male,Rent,Married,Close,118800,0,High,12,2631,933
Young,Female,Own,Single,Far,21900,2,Low,24,486,313
Middle,Male,Rent,Single,Close,39500,1,NA,6,412,1186
Middle,Male,Rent,Single,Close,45900,0,Medium,12,716,293
Young,Female,Rent,Married,Close,37100,2,Low,24,653,1087
Middle,Female,Rent,Single,Close,28200,1,Low,6,224,1152
Middle,Male,Rent,Married,Close,74600,2,Medium,18,705,1108
Middle,Male,Own,Married,Close,122700,1,NA,18,4984,699
Young,Female,Rent,Single,Close,14200,2,Low,18,197,833
Middle,Male,Own,Married,Far,75500,0,NA,18,2450,443
Middle,Male,Own,Single,Close,62900,0,NA,24,2561,698
Young,Male,Rent,Single,Far,19400,0,Low,6,563,571
Middle,Female,Rent,Single,Close,46600,0,NA,12,546,193
Middle,Male,Own,Married,Far,79700,1,High,24,3384,834
Middle,Male,Own,Single,Close,45900,2,Low,12,416,36
Old,Female,Own,Married,Close,42800,0,Medium,6,685,383
Old,Male,Own,Married,Far,65500,0,High,24,1931,1280
Old,Female,Rent,Single,Close,33600,0,Medium,12,573,663
Middle,Female,Own,Single,Far,55600,1,High,18,1553,959
Young,Female,Rent,Single,Close,24000,2,NA,6,362,760
Young,Male,Rent,Single,Far,25700,0,Medium,18,907,682
Old,Female,Own,Married,Close,21500,0,Low,18,445,955
Old,Female,Rent,Married,Close,68600,0,High,18,1342,710
Young,Female,Rent,Single,Far,23100,2,Low,12,457,635
Middle,Female,Rent,Married,Close,53300,0,Medium,24,1598,272
Old,Female,Own,Married,Close,112800,0,High,12,1861,633
Old,Male,Own,Married,Close,124900,0,High,18,4109,107
Middle,Female,Own,Single,Close,72200,0,NA,18,3278,339
Middle,Male,Rent,Single,Close,35100,1,Low,6,421,501
Old,Female,Rent,Single,Close,14900,0,NA,12,275,787
Middle,Male,Rent,Single,Close,72000,0,High,12,1475,96
Middle,Male,Own,Married,Close,82400,0,High,18,1779,63
Young,Male,Rent,Married,Close,41600,3,NA,24,1634,1078
Middle,Female,Own,Married,Close,68500,2,NA,12,1500,1269
Young,Male,Own,Married,Close,62200,0,High,24,1348,560
Old,Female,Own,Single,Close,35900,0,NA,12,962,232
Young,Male,Rent,Single,Close,14100,0,Low,12,328,868
Young,Female,Rent,Married,Close,36500,1,NA,18,747,1275
Middle,Female,Own,Married,Close,86400,1,High,12,1713,209
Old,Female,Rent,Married,Close,39500,0,Medium,12,1006,945
Old,Male,Own,Married,Close,85300,0,NA,12,2523,540
Old,Female,Own,Married,Close,110700,0,High,12,2458,625
Young,Male,Rent,Single,Far,17700,0,Low,18,742,1195
Young,Female,Rent,Married,Far,33200,1,NA,24,1639,1090
Middle,Female,Own,Single,Close,53800,0,Medium,12,843,1035
Old,Male,Rent,Single,Close,44400,0,Medium,18,886,1211
Middle,Female,Rent,Married,Close,135700,1,High,24,2746,770
Young,Female,Rent,Single,Far,20700,1,Low,12,550,117
Middle,Male,Rent,Married,Far,83500,2,High,24,2098,382
Middle,Female,Rent,Married,Close,84200,2,Medium,24,954,776
Middle,Female,Rent,Married,Close,79900,1,Medium,12,1041,997
Old,Female,Rent,Single,Far,19700,0,Low,6,535,343
Middle,Female,Rent,Single,Close,35300,0,NA,18,1369,114
Old,Male,Own,Married,Far,52000,0,High,18,2545,1146
Young,Male,Rent,Single,Close,21300,1,NA,12,329,129
Middle,Male,Own,Single,Close,63700,0,NA,6,1351,785
Old,Female,Own,Married,Close,25900,0,Low,18,582,318
Middle,Male,Rent,Married,Close,65800,2,Medium,18,578,1181
Old,Female,Rent,Single,Close,11000,0,NA,24,195,73
Old,Female,Rent,Married,Close,65900,0,High,12,777,26
Middle,Female,Own,Married,Close,108100,1,High,12,1133,51
Middle,Male,Own,Married,Close,107300,2,Medium,18,1566,279
Middle,Female,Rent,Married,Close,79500,0,High,12,1651,1243
Middle,Female,Rent,Married,Close,95900,0,NA,24,3168,88
Middle,Male,Rent,Single,Close,45200,1,Medium,18,699,711
Middle,Male,Own,Married,Close,98500,0,High,18,2034,319
Old,Female,Own,Married,Close,96200,0,High,12,1457,949
Young,Male,Rent,Single,Close,17900,0,NA,18,395,1108
Middle,Male,Own,Married,Close,42700,0,Medium,6,541,634
Middle,Male,Own,Single,Far,49700,0,High,24,2844,764
Middle,Female,Rent,Single,Close,43000,3,Low,24,225,591
Young,Female,Rent,Single,Close,15500,1,Low,6,210,592
Young,Male,Rent,Single,Close,13000,3,Low,6,43,982
Middle,Female,Rent,Single,Close,27200,3,Low,24,243,1200
Old,Female,Own,Married,Close,26700,0,Low,24,1120,477
Old,Male,Own,Single,Far,61000,0,High,6,975,1244
Middle,Female,Own,Married,Close,76600,3,NA,24,2904,1144
Middle,Male,Own,Married,Close,117500,2,Medium,12,927,163
Old,Male,Own,Married,Close,90600,0,High,24,3167,1281
Young,Female,Rent,Single,Far,12600,0,Low,6,241,105
Old,Female,Own,Single,Close,12700,2,Low,6,65,333
Middle,Female,Own,Married,Far,77600,3,Medium,12,858,947
Middle,Female,Rent,Married,Far,92400,1,NA,6,2191,964
Old,Female,Rent,Married,Close,71800,0,High,24,1946,665
Middle,Male,Own,Married,Far,95800,3,NA,12,2581,1294
Young,Female,Own,Single,Close,32600,3,Low,12,172,259
Middle,Male,Own,Married,Close,74500,2,Medium,12,824,583
Old,Female,Rent,Single,Close,29200,0,Low,12,556,1165
Young,Female,Rent,Single,Far,12900,1,Low,6,167,689
Middle,Male,Rent,Married,Close,117700,1,High,12,2104,676
Middle,Female,Own,Married,Close,64100,1,Medium,18,1332,1017
Middle,Female,Rent,Single,Close,46500,1,Medium,24,829,772
Young,Female,Rent,Single,Close,12400,1,NA,12,229,962
Middle,Male,Own,Married,Far,130600,0,High,18,3442,216
Middle,Male,Own,Married,Far,74400,0,High,6,1893,656
Old,Female,Own,Single,Far,40600,2,Medium,6,690,767
Young,Female,Rent,Married,Close,54200,1,Medium,6,486,211
Middle,Male,Own,Single,Far,65400,1,High,12,2290,22
Middle,Male,Rent,Single,Close,49100,0,NA,6,934,33
Young,Female,Rent,Single,Close,10600,2,NA,24,517,293
Young,Female,Rent,Married,Close,76400,0,NA,12,2216,537
Middle,Female,Rent,Married,Close,93700,1,High,24,1521,585
Middle,Male,Rent,Single,Far,49000,0,High,18,1523,992
Middle,Female,Own,Married,Close,96500,1,High,18,1364,1217
Middle,Male,Own,Single,Close,55600,0,NA,12,952,22
Middle,Male,Own,Married,Close,99600,1,High,6,871,1168
Middle,Female,Own,Married,Close,79900,3,Low,12,295,1224
Old,Female,Rent,Married,Close,50500,0,Medium,12,642,1277
Old,Female,Own,Single,Far,16300,0,Low,6,317,900
Old,Female,Own,Married,Close,49200,0,Medium,12,1078,291
Middle,Male,Own,Single,Far,48100,2,Medium,18,961,689
Middle,Male,Own,Single,Far,61300,2,High,24,1241,558
Middle,Female,Own,Married,Close,72600,1,NA,18,1999,530
Young,Male,Rent,Single,Far,19500,0,NA,24,571,1150
Young,Female,Rent,Single,Close,17200,1,NA,12,329,490
Middle,Male,Rent,Single,Far,51100,0,High,24,1984,980
Middle,Male,Own,Single,Close,76800,1,Medium,18,1061,679
Middle,Male,Own,Single,Far,60200,0,High,12,1955,601
Middle,Male,Rent,Single,Close,59100,2,Low,18,580,536
Old,Female,Own,Single,Close,32500,0,Medium,24,883,960
Middle,Female,Rent,Single,Far,49500,2,Medium,12,1195,1168
Middle,Male,Own,Married,Close,109600,1,High,12,2318,894
Young,Female,Rent,Married,Close,47300,0,NA,6,640,45
Middle,Male,Rent,Married,Close,93000,1,High,24,2644,166
Young,Female,Own,Single,Far,32000,1,NA,24,1320,251
Young,Female,Own,Single,Close,44700,1,Medium,6,502,1218
Old,Female,Own,Married,Close,69400,0,High,18,2419,1075
Middle,Male,Own,Married,Close,64300,2,Medium,6,661,683
Middle,Male,Own,Single,Far,75400,0,High,24,2723,289
Middle,Male,Own,Married,Close,96100,0,High,6,1588,744
Old,Female,Own,Married,Close,118000,3,Low,12,581,1197
Young,Male,Rent,Married,Close,69700,1,Medium,12,1432,834
Old,Male,Own,Single,Close,59300,0,Medium,12,929,244
Middle,Female,Rent,Married,Close,88600,3,Low,6,212,44
Middle,Male,Own,Married,Close,102600,0,High,18,2546,789
Middle,Male,Rent,Single,Close,43700,0,NA,18,1344,1209
Old,Female,Own,Married,Close,22400,0,NA,24,947,611
Middle,Male,Rent,Married,Far,70500,1,NA,24,2145,588
Middle,Male,Own,Married,Close,54200,1,Medium,6,757,902
Middle,Female,Own,Single,Far,25300,1,NA,6,451,329
Old,Male,Own,Married,Close,116100,1,High,24,2975,610
Young,Female,Rent,Single,Close,15900,0,NA,18,406,230
Middle,Female,Own,Single,Close,46600,3,Low,6,158,397
Young,Male,Own,Single,Close,23200,0,NA,24,534,299
Young,Male,Rent,Single,Close,18200,0,Low,12,401,708
Middle,Female,Own,Married,Close,82700,1,High,18,1753,822
Young,Female,Rent,Single,Close,17000,0,Low,18,659,128
Middle,Male,Own,Married,Close,83000,2,Medium,6,726,1278
Young,Female,Own,Married,Close,42400,1,NA,18,1166,545
Old,Male,Own,Single,Close,40200,2,NA,18,1197,797
Young,Female,Rent,Single,Far,17300,0,Low,6,411,466
Middle,Female,Own,Married,Close,109800,1,High,24,2258,789
Middle,Female,Own,Single,Far,64400,3,Medium,24,1913,801
Young,Female,Rent,Single,Far,27600,1,Medium,24,893,542
Young,Female,Rent,Single,Close,25100,1,NA,6,421,1197
Middle,Female,Own,Single,Close,46300,3,NA,6,1138,739
Old,Female,Own,Married,Far,74900,0,NA,12,1804,971
Middle,Male,Own,Single,Close,67900,0,High,18,1418,305
Middle,Male,Rent,Married,Close,88500,2,Medium,24,1104,1194
Middle,Male,Own,Married,Close,99200,3,NA,12,2796,949
Old,Female,Own,Married,Close,62800,0,High,18,1403,506
Old,Male,Own,Married,Far,76900,2,High,24,3230,207
Middle,Male,Own,Married,Close,84100,3,NA,6,1352,541
Old,Female,Own,Married,Close,77600,0,High,18,2004,662
Young,Female,Rent,Single,Close,19100,1,Low,18,403,1166
Old,Female,Own,Married,Far,128700,0,High,24,3995,1164
Young,Female,Rent,Single,Far,14400,1,Low,6,390,695
Old,Male,Rent,Married,Close,49600,0,Medium,6,770,153
Middle,Female,Rent,Single,Close,47000,0,NA,6,963,796
Young,Female,Rent,Married,Close,36600,0,Medium,6,833,695
Middle,Female,Own,Single,Close,65800,1,Medium,12,869,819
Middle,Male,Rent,Married,Far,52800,2,Medium,12,926,740
Middle,Male,Own,Married,Close,96500,0,High,24,3780,494
Middle,Female,Rent,Married,Close,63500,1,Medium,18,1023,434
Middle,Male,Rent,Single,Close,60400,1,Medium,6,791,832
Middle,Male,Own,Married,Close,102700,3,NA,12,1473,575
Middle,Male,Own,Married,Close,100100,2,NA,6,1597,108
Middle,Male,Rent,Single,Close,54400,0,Medium,6,1150,942
Middle,Male,Rent,Married,Close,105600,3,Low,6,304,337
Old,Female,Own,Married,Far,57900,0,High,12,1693,1291
Young,Male,Own,Single,Close,31500,3,Low,18,269,126
Middle,Female,Rent,Married,Far,60100,1,High,18,1430,142
Middle,Male,Rent,Married,Close,87400,2,NA,18,2729,1094
Middle,Male,Own,Married,Close,117900,0,High,6,1760,264
Middle,Male,Own,Single,Close,48800,1,Medium,24,1271,421
Middle,Female,Own,Married,Close,67900,3,Low,12,356,119
Old,Male,Rent,Married,Far,66200,0,NA,6,1024,598
Middle,Male,Rent,Married,Close,88000,2,Medium,6,524,44
Middle,Male,Rent,Married,Close,94200,1,High,18,1211,486
Young,Female,Rent,Single,Close,29200,3,NA,6,636,148
Young,Male,Rent,Single,Far,15300,0,Low,24,645,1247
Young,Male,Rent,Single,Far,17500,0,Low,18,472,1170
Old,Male,Own,Married,Close,168800,0,High,6,1512,1286
Middle,Male,Rent,Single,Far,40200,0,High,18,1634,168
Young,Male,Rent,Single,Close,28400,3,Low,18,182,70
Middle,Male,Rent,Married,Far,72200,3,Medium,18,1042,49
Middle,Female,Own,Single,Far,55200,0,High,18,1714,1052
Middle,Female,Rent,Single,Close,44600,0,Medium,18,966,1059
Middle,Male,Own,Single,Close,58400,0,Medium,12,829,1063
Middle,Female,Own,Single,Close,67800,1,Medium,6,680,775
Old,Female,Own,Single,Close,25500,0,Low,18,636,610
Young,Female,Rent,Single,Far,20000,3,Low,6,182,516
Middle,Male,Rent,Single,Far,52600,1,NA,18,1773,298
Middle,Male,Rent,Married,Far,97600,1,NA,12,2902,984
Old,Male,Own,Married,Close,23400,0,Low,6,348,591
Middle,Female,Own,Married,Close,102500,3,Low,12,548,871
Middle,Female,Own,Married,Far,52300,1,High,18,2034,711
Middle,Male,Rent,Single,Far,65400,0,High,12,2296,1211
Young,Male,Rent,Single,Close,19600,0,Low,12,395,319
Old,Male,Own,Married,Far,37000,0,Medium,12,850,67
Young,Female,Rent,Single,Far,13200,0,NA,18,512,1251
Middle,Male,Rent,Single,Close,63800,1,Medium,24,1622,513
Old,Female,Rent,Single,Far,22600,0,NA,12,865,1052
Old,Female,Own,Single,Close,37300,0,Medium,6,673,63
Young,Male,Rent,Single,Far,14900,1,NA,12,422,1108
Middle,Female,Own,Single,Close,36700,1,NA,6,529,349
Middle,Male,Own,Single,Close,63200,0,High,24,1932,623
Old,Male,Own,Married,Close,77300,0,High,18,1853,860
Middle,Male,Rent,Single,Close,43100,1,NA,12,1224,957
Middle,Female,Rent,Single,Far,44800,1,Medium,6,666,340
Old,Female,Rent,Married,Close,70900,0,High,24,1685,423
Middle,Female,Rent,Single,Far,38200,0,Medium,24,1476,126
Young,Female,Rent,Single,Far,18400,1,Low,6,319,110
Middle,Female,Rent,Single,Close,40700,3,Low,18,232,840
Old,Male,Own,Single,Close,71300,0,High,18,1543,1024
Middle,Female,Rent,Single,Close,36400,2,Low,18,506,1152
Young,Male,Rent,Single,Close,15400,0,Low,6,172,114
Middle,Male,Own,Single,Far,39100,1,Medium,12,1001,614
Middle,Male,Rent,Single,Close,43800,0,Medium,12,606,331
Young,Male,Rent,Single,Far,25300,0,Medium,12,591,228
Old,Male,Rent,Married,Close,71800,0,High,12,1389,1173
Middle,Male,Own,Single,Close,73200,0,High,24,2177,927
Middle,Male,Own,Married,Far,79000,1,High,18,2279,707
Middle,Female,Rent,Married,Close,75200,1,NA,24,2702,218
Young,Female,Rent,Single,Close,25300,3,NA,6,510,942
Old,Female,Own,Married,Close,43600,0,Medium,12,1047,716
Middle,Male,Own,Married,Close,83600,2,Medium,6,538,361
Middle,Female,Own,Single,Far,56200,0,High,18,1546,575
Young,Male,Rent,Married,Close,45500,0,Medium,6,754,1255
Middle,Male,Own,Married,Close,99300,1,High,12,1504,1277
Middle,Male,Own,Married,Far,108000,3,High,24,1849,603
Middle,Female,Own,Married,Far,84900,1,High,24,3072,58
Middle,Male,Own,Married,Far,93000,3,High,6,1046,523
Middle,Female,Own,Married,Close,82000,0,High,18,1800,789
Old,Female,Own,Single,Close,33000,3,NA,6,700,134
Middle,Female,Own,Single,Close,36900,2,Low,24,514,683
Middle,Female,Rent,Single,Close,33200,1,NA,6,320,1077
Young,Male,Rent,Married,Close,49300,0,NA,24,1692,588
Old,Male,Rent,Married,Far,66200,0,High,24,2057,799
Middle,Male,Own,Married,Far,96800,2,High,18,2299,246
Old,Male,Own,Single,Close,63200,0,High,24,1507,331
Old,Male,Own,Married,Far,112900,0,High,24,6217,975
Middle,Female,Rent,Single,Close,32100,2,Low,24,405,1052
Middle,Male,Own,Married,Far,102700,1,High,18,3785,1269
Middle,Male,Own,Married,Close,123800,2,NA,18,3537,898
Old,Female,Rent,Single,Far,11700,0,Low,18,540,962
Middle,Male,Own,Married,Close,101700,1,NA,6,941,1283
Middle,Female,Own,Married,Far,99200,0,High,24,5503,924
Young,Male,Rent,Single,Close,17600,0,NA,6,273,817
Young,Female,Rent,Single,Close,19400,1,NA,18,384,190
Middle,Male,Rent,Single,Far,40500,1,NA,18,1073,510
Old,Male,Own,Single,Close,44800,0,Medium,24,1417,725
Middle,Male,Own,Married,Close,79000,2,Medium,18,671,1034
Young,Male,Rent,Married,Close,53600,1,Medium,24,973,1203
