,Authors,Likes,Quotes
0,Oscar Wilde,164958 likes,“Be yourself; everyone else is already taken.”
1,Marilyn Monroe,159741 likes,"“I'm selfish, impatient and a little insecure. I make mistakes, I am out of control and at times hard to handle. But if you can't handle me at my worst, then you sure as hell don't deserve me at my best.”"
2,Albert Einstein,142331 likes,“Two things are infinite: the universe and human stupidity; and I'm not sure about the universe.”
3,Frank Zappa,140897 likes,"“So many books, so little time.”"
4,Marcus Tullius Cicero,129555 likes,“A room without books is like a body without a soul.”
5,Bernard M. Baruch,126243 likes,"“Be who you are and say what you feel, because those who mind don't matter, and those who matter don't mind.”"
6,William W. Purkey,124471 likes,"“You've gotta dance like there's nobody watching,"
7,Dr. Seuss,121767 likes,“You know you're in love when you can't fall asleep because reality is finally better than your dreams.”
8,Mae West,114315 likes,"“You only live once, but if you do it right, once is enough.”"
9,Mahatma Gandhi,111384 likes,“Be the change that you wish to see in the world.”
10,Robert Frost,105741 likes,“In three words I can sum up everything I've learned about life: it goes on.”
11,"J.K. Rowling,",99665 likes,"“If you want to know what a man's like, take a good look at how he treats his inferiors, not his equals.”"
12,Albert Camus,90018 likes,“Don’t walk in front of me… I may not follow
13,Mark Twain,88654 likes,"“If you tell the truth, you don't have to remember anything.”"
14,"C.S. Lewis,",86445 likes,"“Friendship ... is born at the moment when one man says to another ""What! You too? I thought that no one but myself . . .”"
15,Maya Angelou,84741 likes,"“I've learned that people will forget what you said, people will forget what you did, but people will never forget how you made them feel.”"
16,Elbert Hubbard,81859 likes,“A friend is someone who knows all about you and still loves you.”
17,Oscar Wilde,80008 likes,"“To live is the rarest thing in the world. Most people exist, that is all.”"
18,Oscar Wilde,79198 likes,“Always forgive your enemies; nothing annoys them so much.”
19,Mahatma Gandhi,75997 likes,“Live as if you were to die tomorrow. Learn as if you were to live forever.”
20,"Martin Luther King Jr.,",75942 likes,“Darkness cannot drive out darkness: only light can do that. Hate cannot drive out hate: only love can do that.”
21,"Stephen Chbosky,",72060 likes,“We accept the love we think we deserve.”
22,"Friedrich Nietzsche,",71357 likes,"“Without music, life would be a mistake.”"
23,"Oscar Wilde,",69924 likes,“I am so clever that sometimes I don't understand a single word of what I am saying.”
24,Ralph Waldo Emerson,67779 likes,“To be yourself in a world that is constantly trying to make you something else is the greatest accomplishment.”
25,Rob Siltanen,66930 likes,"“Here's to the crazy ones. The misfits. The rebels. The troublemakers. The round pegs in the square holes. The ones who see things differently. They're not fond of rules. And they have no respect for the status quo. You can quote them, disagree with them, glorify or vilify them. About the only thing you can't do is ignore them. Because they change things. They push the human race forward. And while some may see them as the crazy ones, we see genius. Because the people who are crazy enough to think they can change the world, are the ones who do.”"
26,Narcotics Anonymous,63453 likes,"“Insanity is doing the same thing, over and over again, but expecting different results.”"
27,Marilyn Monroe,61186 likes,"“I believe that everything happens for a reason. People change so that you can learn to let go, things go wrong so that you appreciate them when they're right, you believe lies so you eventually learn to trust no one but yourself, and sometimes good things fall apart so better things can fall together.”"
28,"Andre Gide,",59134 likes,“It is better to be hated for what you are than to be loved for what you are not.”
29,"H. Jackson Brown Jr.,",58871 likes,“Twenty years from now you will be more disappointed by the things that you didn't do than by the ones you did do. So throw off the bowlines. Sail away from the safe harbor. Catch the trade winds in your sails. Explore. Dream. Discover.”
